,numVoy,mmsi,numObsInVoys,type,ave_len_voy,ave_time_gap,ave_dist_gap,vi_dist_gap,vi_time_gap,numObs,numShips,numVoyages,aveNumVoyages,numVoyages_q25,vi_dist_diff_q75,vi_time_diff_q75,voy_len_q75,time_gap_q75,dist_gap_q75
0,149,1252339803566.0,608212,trawlers,1804041.0134228189,1423.3353352869563,1.6812849843357016,2.8391175080433118,1141.0416890841702,4368464,49,2501,NULL,NULL,0.5444712833660966,898.0,946266.0,2538.6162744395833,1.5939254923600168
1,9,1272259798559.0,49839,unknown,16859236.666666668,269.73538461323284,0.07161073497425684,3.7698853948843416,3055.039099736962,6811451,120,2125,NULL,NULL,0.4091222045231135,893.0,1589144.0,2599.531300296112,2.021862503131041
2,5,1679641928004.0,89158,unknown,27717696.6,290.26710347749463,0.06790595345166822,0.24367390061038566,1554.384265126451,6811451,120,2125,NULL,NULL,0.4091222045231135,893.0,1589144.0,2599.531300296112,2.021862503131041
3,2,2579932616331.0,92237,unknown,31165269.5,282.79062405788363,0.011344192837366845,0.5387701500210929,675.7828484749987,6811451,120,2125,NULL,NULL,0.4091222045231135,893.0,1589144.0,2599.531300296112,2.021862503131041
4,198,5020143137211.0,169656,trawlers,523926.29292929295,11169.609084755353,1.8597717094330803,0.12716105919843754,632.9692390177224,4368464,49,2501,NULL,NULL,0.5444712833660966,898.0,946266.0,2538.6162744395833,1.5939254923600168
5,3,5145483253513.0,90750,trawlers,47177768.666666664,1506.748832847966,0.8275559029767446,0.8332745633173579,1559.3822333851085,4368464,49,2501,NULL,NULL,0.5444712833660966,898.0,946266.0,2538.6162744395833,1.5939254923600168
6,7,5601266154050.0,77138,drifting_longlines,20199295.42857143,1523.2092907462097,1.5263581600264295,2.3615729571458774,1834.0613664628459,13968275,110,1385,NULL,NULL,0.3490017336979671,452.0,5445760.0,2684.373689727463,1.428384245279476
7,12,6335157561408.0,6299,unknown,8786918.833333334,1054.563241976495,0.6367279352557434,3.8261326948103265,16305.823529411764,6811451,120,2125,NULL,NULL,0.4091222045231135,893.0,1589144.0,2599.531300296112,2.021862503131041
8,1,6676525615332.0,78855,unknown,64739311.0,526.3333333333334,0.001907383407512449,1.2839323177794078,821.0022446546783,6811451,120,2125,NULL,NULL,0.4091222045231135,893.0,1589144.0,2599.531300296112,2.021862503131041
9,1,7572518792420.0,65423,fixed_gear,132367507.0,969.0,0.0006518724276573968,0.6326941721437842,2023.2873803919172,1559093,36,698,NULL,NULL,0.5044203785446466,949.0,170571.5,5121.719308035714,1.5636171172796722
10,18,8681844482850.0,114589,trawlers,8535156.444444444,1033.465724648309,0.7974936657012615,0.8742437621914225,1331.2442113971063,4368464,49,2501,NULL,NULL,0.5444712833660966,898.0,946266.0,2538.6162744395833,1.5939254923600168
11,12,9924005022437.0,55111,purse_seines,8290952.166666667,1678.7832228343088,0.8311513471998747,1.4219180437401224,1795.3503130030406,1545306,28,360,NULL,NULL,0.5231519142948668,937.0,8352896.5,3209.08,2.5530147838089783
12,2,10759394346704.0,13556,fixed_gear,66992172.5,1.0,0.0,0.6044055699356937,9885.225394717427,1559093,36,698,NULL,NULL,0.5044203785446466,949.0,170571.5,5121.719308035714,1.5636171172796722
13,17,10880510825243.0,112225,purse_seines,8540883.647058824,604.0612005311359,0.10942633482558123,2.6125024333684386,1297.5902142487728,1545306,28,360,NULL,NULL,0.5231519142948668,937.0,8352896.5,3209.08,2.5530147838089783
14,1,11170005450471.0,14360,purse_seines,113985906.0,1080.1753358594558,0.2528517229533106,1.7368480350819244,7938.2899923393,1545306,28,360,NULL,NULL,0.5231519142948668,937.0,8352896.5,3209.08,2.5530147838089783
15,29,12639560807591.0,11550,drifting_longlines,4455731.689655173,2379.3844453745132,0.8486997819099125,6.8252115320816635,10993.652886247877,13968275,110,1385,NULL,NULL,0.3490017336979671,452.0,5445760.0,2684.373689727463,1.428384245279476
16,1,14895733446040.0,15493,unknown,94335644.0,1353.6117487108509,2.198009133489833,0.8130735386658186,6089.313452104312,6811451,120,2125,NULL,NULL,0.4091222045231135,893.0,1589144.0,2599.531300296112,2.021862503131041
17,10,16347293924784.0,138944,unknown,13851052.6,2859.215546861079,2.0282724439405166,0.12237829457438731,996.9519771978062,6811451,120,2125,NULL,NULL,0.4091222045231135,893.0,1589144.0,2599.531300296112,2.021862503131041
18,8,16384026414706.0,49260,unknown,7187329.0,319.89732142857144,0.0012752195883965207,0.8292886647016916,1167.1663656106025,6811451,120,2125,NULL,NULL,0.4091222045231135,893.0,1589144.0,2599.531300296112,2.021862503131041
19,2,16508054338972.0,145279,drifting_longlines,51151323.0,300.07142857142856,0.001252777736891941,0.5236796318589376,704.1902434659306,13968275,110,1385,NULL,NULL,0.3490017336979671,452.0,5445760.0,2684.373689727463,1.428384245279476
20,3,17756107268614.0,90811,unknown,51543428.333333336,713.8333333333334,0.001305921286585936,2.125832238900544,1702.8079595634795,6811451,120,2125,NULL,NULL,0.4091222045231135,893.0,1589144.0,2599.531300296112,2.021862503131041
21,4,18199244904065.0,17126,purse_seines,29036232.75,291.45,0.0007878272505236865,0.9748618215377768,6783.374080130826,1545306,28,360,NULL,NULL,0.5231519142948668,937.0,8352896.5,3209.08,2.5530147838089783
22,26,18269795425247.0,18193,unknown,4211370.923076923,509.7323212914864,0.2552970186299151,1.2163747967707563,6025.20282837176,6811451,120,2125,NULL,NULL,0.4091222045231135,893.0,1589144.0,2599.531300296112,2.021862503131041
23,19,18483455048454.0,55169,pole_and_line,7296767.947368421,1376.8245378260983,0.9065504031319017,0.6341586157867977,2513.8457116953764,161299,6,163,NULL,NULL,0.22210639732325027,932.0,1544977.5,1868.612717385452,1.0738801593863063
24,3,18517940995316.0,36058,unknown,51498970.0,1189.2299854507608,1.3314980101277336,1.7817841785025483,4285.034253224241,6811451,120,2125,NULL,NULL,0.4091222045231135,893.0,1589144.0,2599.531300296112,2.021862503131041
25,49,19148042891053.0,20265,unknown,424868.55102040817,870.3347153753873,0.20214763761653162,0.48841241197258584,786.3434880965206,6811451,120,2125,NULL,NULL,0.4091222045231135,893.0,1589144.0,2599.531300296112,2.021862503131041
26,40,19859547683322.0,59701,trawlers,2851467.5,1956.8044070757082,0.634530907196795,0.17951010804112486,1800.2806862640625,4368464,49,2501,NULL,NULL,0.5444712833660966,898.0,946266.0,2538.6162744395833,1.5939254923600168
27,1,20001834541437.0,68645,drifting_longlines,136111612.0,1115.5525150905432,1.8685582706098987,1.2524730744856174,1982.8624788765223,13968275,110,1385,NULL,NULL,0.3490017336979671,452.0,5445760.0,2684.373689727463,1.428384245279476
28,23,21010652444840.0,42500,unknown,6703767.391304348,5513.325151660582,2.340542025348985,1.6930205716740707,3629.1233466698045,6811451,120,2125,NULL,NULL,0.4091222045231135,893.0,1589144.0,2599.531300296112,2.021862503131041
29,2,21232708893780.0,198457,drifting_longlines,77327298.0,6584.846031746032,5.926146527189347,1.2442520052889234,779.2930185684412,13968275,110,1385,NULL,NULL,0.3490017336979671,452.0,5445760.0,2684.373689727463,1.428384245279476
30,1,21625609698694.0,68359,unknown,131809666.0,6663.658730158731,5.376294324304292,1.3063624579040571,1928.225898943796,6811451,120,2125,NULL,NULL,0.4091222045231135,893.0,1589144.0,2599.531300296112,2.021862503131041
31,1,22183621822862.0,137745,unknown,154585848.0,4204.545454545455,0.650976129767987,0.25982335505304394,1122.2691950284586,6811451,120,2125,NULL,NULL,0.4091222045231135,893.0,1589144.0,2599.531300296112,2.021862503131041
32,1,23406746127304.0,17624,drifting_longlines,124890083.0,5378.523076923077,6.428222017265445,4.276050065015481,7086.766328093968,13968275,110,1385,NULL,NULL,0.3490017336979671,452.0,5445760.0,2684.373689727463,1.428384245279476
33,48,23593130178765.0,175569,drifting_longlines,2547956.4166666665,5873.879038532643,1.851958354139627,1.0504722605284285,694.5420719287966,13968275,110,1385,NULL,NULL,0.3490017336979671,452.0,5445760.0,2684.373689727463,1.428384245279476
34,6,23770783250938.0,236837,drifting_longlines,24958973.5,231.95926174733458,0.0934618830863313,0.8644740328224428,632.3236442864321,13968275,110,1385,NULL,NULL,0.3490017336979671,452.0,5445760.0,2684.373689727463,1.428384245279476
35,16,26616040923734.0,26691,purse_seines,3877482.75,815.822249411684,0.12740325368558372,1.510119914835295,2222.2545623579645,1545306,28,360,NULL,NULL,0.5231519142948668,937.0,8352896.5,3209.08,2.5530147838089783
36,105,27932326533321.0,115274,drifting_longlines,1430593.8380952382,2092.1219755958014,55.61662289350051,1.6893500580376581,1235.3885742171874,13968275,110,1385,NULL,NULL,0.3490017336979671,452.0,5445760.0,2684.373689727463,1.428384245279476
37,4,28144259049658.0,11706,fixed_gear,31371130.0,743.0286091549295,0.003656459679509234,0.6422139058329082,10438.146944191061,1559093,36,698,NULL,NULL,0.5044203785446466,949.0,170571.5,5121.719308035714,1.5636171172796722
38,210,28204768563961.0,26417,unknown,535685.8,9255.436971255265,14.435743246765165,1.1361668327762957,3123.987810543548,6811451,120,2125,NULL,NULL,0.4091222045231135,893.0,1589144.0,2599.531300296112,2.021862503131041
39,1,30054937091173.0,33259,fixed_gear,150207775.0,7122.989010989011,4.679696212408945,1.7751280532712115,4516.440405316014,1559093,36,698,NULL,NULL,0.5044203785446466,949.0,170571.5,5121.719308035714,1.5636171172796722
40,2,30373804074051.0,105869,drifting_longlines,76995046.5,15645.98,11.688148377995601,2.0257175784182953,1451.2938594838952,13968275,110,1385,NULL,NULL,0.3490017336979671,452.0,5445760.0,2684.373689727463,1.428384245279476
41,19,30581813007233.0,9844,fixed_gear,3712319.0,16346.190036383283,6.998288827933476,0.7323115667238568,7179.039287531807,1559093,36,698,NULL,NULL,0.5044203785446466,949.0,170571.5,5121.719308035714,1.5636171172796722
42,1,31865679879784.0,577528,drifting_longlines,154653052.0,11264.342105263158,6.818907005880607,0.356225183429296,267.7849728237814,13968275,110,1385,NULL,NULL,0.3490017336979671,452.0,5445760.0,2684.373689727463,1.428384245279476
43,1,32225346417081.0,10522,drifting_longlines,63183654.0,8261.189873417721,5.627464564921945,3.5111150255960464,6005.479897348161,13968275,110,1385,NULL,NULL,0.3490017336979671,452.0,5445760.0,2684.373689727463,1.428384245279476
44,20,33266086194351.0,210611,drifting_longlines,5554856.7,22942.18860262762,2.7161908584687167,221.701625631493,527.2552434413491,13968275,110,1385,NULL,NULL,0.3490017336979671,452.0,5445760.0,2684.373689727463,1.428384245279476
45,1,34911701098431.0,59921,trawlers,140256036.0,188.2888888888889,0.006094703706937258,2.1554231903178493,2340.721562082777,4368464,49,2501,NULL,NULL,0.5444712833660966,898.0,946266.0,2538.6162744395833,1.5939254923600168
46,13,36212632719018.0,102568,purse_seines,11616075.0,2202.222033229074,2.1452811436984596,2.0482591747776286,1448.0194129231922,1545306,28,360,NULL,NULL,0.5231519142948668,937.0,8352896.5,3209.08,2.5530147838089783
47,4,36427802545466.0,290819,drifting_longlines,38662641.25,1132.7697178725784,1.0924293418559425,0.7297608238678768,531.7816660706426,13968275,110,1385,NULL,NULL,0.3490017336979671,452.0,5445760.0,2684.373689727463,1.428384245279476
48,1,37908995999986.0,25075,drifting_longlines,100182541.0,489.02540302882267,1.0123792158962515,2.6199554967799155,3995.475033899657,13968275,110,1385,NULL,NULL,0.3490017336979671,452.0,5445760.0,2684.373689727463,1.428384245279476
49,5,38322969102051.0,170682,purse_seines,24944292.2,1736.019621990281,0.7024844093640406,0.8111455431800128,730.7455661864223,1545306,28,360,NULL,NULL,0.5231519142948668,937.0,8352896.5,3209.08,2.5530147838089783
50,1,38992105566132.0,10302,purse_seines,141048390.0,859.0,8.05908506376854,0.8133239266484659,13692.689059314629,1545306,28,360,NULL,NULL,0.5231519142948668,937.0,8352896.5,3209.08,2.5530147838089783
51,7,39005622580143.0,120327,purse_seines,21778934.42857143,1373.9264283738776,8.173119032206312,2.7744647772934785,1265.5344216395,1545306,28,360,NULL,NULL,0.5231519142948668,937.0,8352896.5,3209.08,2.5530147838089783
52,183,39859406485734.0,105505,trawlers,727910.3770491803,2920.6469388524747,1.1398789521470944,7.514907405306421,1176.6721587219627,4368464,49,2501,NULL,NULL,0.5444712833660966,898.0,946266.0,2538.6162744395833,1.5939254923600168
53,48,40834114543542.0,76402,trawlers,2951132.375,1426.999993480409,1.6875347715385898,0.9294207218104912,1854.1962400408179,4368464,49,2501,NULL,NULL,0.5444712833660966,898.0,946266.0,2538.6162744395833,1.5939254923600168
54,10,40956208776469.0,26440,unknown,9436154.1,1278.553156988406,0.8961469793880965,2.5781162513050044,3502.6329867919644,6811451,120,2125,NULL,NULL,0.4091222045231135,893.0,1589144.0,2599.531300296112,2.021862503131041
55,1,40976637345731.0,149102,drifting_longlines,152549954.0,889.6753246753246,0.9082881538804661,1.5166696890660558,1023.1316624301647,13968275,110,1385,NULL,NULL,0.3490017336979671,452.0,5445760.0,2684.373689727463,1.428384245279476
56,2,41303308141714.0,15718,unknown,75009020.5,1196.6559130763098,0.9304713685774779,3.5574922670644735,9545.561275133621,6811451,120,2125,NULL,NULL,0.4091222045231135,893.0,1589144.0,2599.531300296112,2.021862503131041
57,1,41941786536935.0,16224,drifting_longlines,92265826.0,846.7625,1.15232382217734,4.204961232832225,5687.346729951304,13968275,110,1385,NULL,NULL,0.3490017336979671,452.0,5445760.0,2684.373689727463,1.428384245279476
58,2,42314208291274.0,180016,fixed_gear,66526288.5,1178.027112837866,0.7870294460917416,5.156964435584678,739.248050346605,1559093,36,698,NULL,NULL,0.5044203785446466,949.0,170571.5,5121.719308035714,1.5636171172796722
59,2,43935946737362.0,86464,purse_seines,62150531.5,1474.1090813195242,0.9560826956667863,1.7536151207011095,1437.6380722166964,1545306,28,360,NULL,NULL,0.5231519142948668,937.0,8352896.5,3209.08,2.5530147838089783
60,1,44009123736191.0,29802,purse_seines,119768011.0,818.651376146789,0.9533346526258023,0.8004574180729236,4018.9259085265594,1545306,28,360,NULL,NULL,0.5231519142948668,937.0,8352896.5,3209.08,2.5530147838089783
61,1,44081436890597.0,14904,unknown,98588323.0,825.4030612244898,0.8225211197646906,6.639520769953896,6615.334026706032,6811451,120,2125,NULL,NULL,0.4091222045231135,893.0,1589144.0,2599.531300296112,2.021862503131041
62,118,47334168288729.0,7088,pole_and_line,894012.966101695,1269.7232344759143,1.0590268655174504,6.701170926919416,14608.490768626423,161299,6,163,NULL,NULL,0.22210639732325027,932.0,1544977.5,1868.612717385452,1.0738801593863063
63,42,48455039594066.0,114925,drifting_longlines,3263709.214285714,2797.0178323415475,1.0496515458572444,1.92183283728546,1170.2963666317694,13968275,110,1385,NULL,NULL,0.3490017336979671,452.0,5445760.0,2684.373689727463,1.428384245279476
64,1,48794356410718.0,9881,unknown,105803453.0,1551.7534246575342,0.6666141404272563,6.519947287885952,10708.851518218624,6811451,120,2125,NULL,NULL,0.4091222045231135,893.0,1589144.0,2599.531300296112,2.021862503131041
65,1,48939529147579.0,30640,trawlers,152540814.0,952.7095238095238,0.078726931294638,1.0877136695764351,4978.648585136591,4368464,49,2501,NULL,NULL,0.5444712833660966,898.0,946266.0,2538.6162744395833,1.5939254923600168
66,4,49160289345306.0,99247,drifting_longlines,38179177.25,1128.263070681337,0.2927972025503321,1.9037315933185868,1526.5782548476454,13968275,110,1385,NULL,NULL,0.3490017336979671,452.0,5445760.0,2684.373689727463,1.428384245279476
67,15,49534994750419.0,179895,drifting_longlines,10150685.4,3040.290290662655,0.554794774003562,1.3806383339527741,823.6776604187639,13968275,110,1385,NULL,NULL,0.3490017336979671,452.0,5445760.0,2684.373689727463,1.428384245279476
68,44,51101297206144.0,115742,trawlers,3423562.909090909,946.6125290374877,0.4170393746244956,1.4479993326831766,1316.154247187151,4368464,49,2501,NULL,NULL,0.5444712833660966,898.0,946266.0,2538.6162744395833,1.5939254923600168
69,1,51394439323066.0,146687,drifting_longlines,149614530.0,4032.230769230769,1.9665247583572107,0.7176358900826689,1019.964618300315,13968275,110,1385,NULL,NULL,0.3490017336979671,452.0,5445760.0,2684.373689727463,1.428384245279476
70,1,53148833486047.0,5462,fixed_gear,35775345.0,1579.9710144927535,0.32540727734493297,0.3112367425876723,6551.061160959532,1559093,36,698,NULL,NULL,0.5044203785446466,949.0,170571.5,5121.719308035714,1.5636171172796722
71,47,54587092430231.0,14885,unknown,2247072.510638298,2585.7731608240865,0.9000213449939135,2.7766249150770523,7113.776896180742,6811451,120,2125,NULL,NULL,0.4091222045231135,893.0,1589144.0,2599.531300296112,2.021862503131041
72,1,54926746889752.0,18141,unknown,47516493.0,3510.80292942743,0.6452706581193629,0.5639851690267791,2619.4318081587653,6811451,120,2125,NULL,NULL,0.4091222045231135,893.0,1589144.0,2599.531300296112,2.021862503131041
73,3,56414685655968.0,353199,drifting_longlines,43652348.666666664,4825.348037300921,0.9401784230225996,0.6436603001398148,370.7772863946002,13968275,110,1385,NULL,NULL,0.3490017336979671,452.0,5445760.0,2684.373689727463,1.428384245279476
74,13,57869290792477.0,24245,unknown,7355877.538461538,1610.0357689282453,0.9518068856700723,2.1077229905695827,3945.1492223276537,6811451,120,2125,NULL,NULL,0.4091222045231135,893.0,1589144.0,2599.531300296112,2.021862503131041
75,5,59112496180970.0,12305,fixed_gear,30189534.8,1421.4140127127628,2.4744542851354465,9.1227087006993,12272.168617886178,1559093,36,698,NULL,NULL,0.5044203785446466,949.0,170571.5,5121.719308035714,1.5636171172796722
76,1,59665165133807.0,18694,purse_seines,126669764.0,671.8031496062993,0.28534695759748613,2.1057232904364045,6776.3207617824855,1545306,28,360,NULL,NULL,0.5231519142948668,937.0,8352896.5,3209.08,2.5530147838089783
77,1,60628870128017.0,92586,drifting_longlines,142086225.0,8445.037037037036,77.67874885337453,1.7729092199781458,1534.6570718798941,13968275,110,1385,NULL,NULL,0.3490017336979671,452.0,5445760.0,2684.373689727463,1.428384245279476
78,59,61820467476108.0,106083,unknown,2595833.1016949154,2817.8679890256017,1.6142148723217042,0.9760898333933423,1428.2114155124398,6811451,120,2125,NULL,NULL,0.4091222045231135,893.0,1589144.0,2599.531300296112,2.021862503131041
79,7,62603844222786.0,411080,drifting_longlines,18057920.0,2994.4255071619978,0.6219896852383169,0.47084573484273146,307.5007370935647,13968275,110,1385,NULL,NULL,0.3490017336979671,452.0,5445760.0,2684.373689727463,1.428384245279476
80,1,63476152619655.0,174637,unknown,134354126.0,765.9856115107914,1.2128248934508938,0.06393928474736756,769.3380860761813,6811451,120,2125,NULL,NULL,0.4091222045231135,893.0,1589144.0,2599.531300296112,2.021862503131041
81,45,63716389910332.0,10489,purse_seines,2274564.0888888887,4760.403341831336,5.40378585127546,6.763983186779694,9804.375621890547,1545306,28,360,NULL,NULL,0.5231519142948668,937.0,8352896.5,3209.08,2.5530147838089783
82,23,64551007612858.0,26597,unknown,4784860.391304348,3964.48183897148,4.414915832311701,2.5428192308270186,4148.932217415836,6811451,120,2125,NULL,NULL,0.4091222045231135,893.0,1589144.0,2599.531300296112,2.021862503131041
83,1,64933976560315.0,2549,unknown,18911248.0,8983.223684210527,11.453707472128624,1.2170634257720359,7421.996860282575,6811451,120,2125,NULL,NULL,0.4091222045231135,893.0,1589144.0,2599.531300296112,2.021862503131041
84,6,67346977622820.0,100457,unknown,18074734.666666668,4185.302600714462,4.510115059139854,1.575815137350122,1077.7114797976817,6811451,120,2125,NULL,NULL,0.4091222045231135,893.0,1589144.0,2599.531300296112,2.021862503131041
85,1,68428926545375.0,18691,unknown,140115257.0,15547.8,0.001941264451100741,1.9046392281212732,7496.803477795613,6811451,120,2125,NULL,NULL,0.4091222045231135,893.0,1589144.0,2599.531300296112,2.021862503131041
86,32,68485830393709.0,82217,unknown,3530055.96875,6115.303517958924,6.667034524899817,1.9430303640930178,1402.0254712665817,6811451,120,2125,NULL,NULL,0.4091222045231135,893.0,1589144.0,2599.531300296112,2.021862503131041
87,5,68776567390102.0,297486,drifting_longlines,23756095.2,2073.850327559033,2.0858745852501834,0.35790234343057264,399.28223607913003,13968275,110,1385,NULL,NULL,0.3490017336979671,452.0,5445760.0,2684.373689727463,1.428384245279476
88,1,69609856269322.0,61443,trawlers,43579381.0,3045.6568047337278,2.8673647458450486,0.33295203009453106,709.276732528238,4368464,49,2501,NULL,NULL,0.5444712833660966,898.0,946266.0,2538.6162744395833,1.5939254923600168
89,1,72061040661322.0,218393,drifting_longlines,154653628.0,942.0,0.008925099784391053,0.9507778728310827,708.1469467746072,13968275,110,1385,NULL,NULL,0.3490017336979671,452.0,5445760.0,2684.373689727463,1.428384245279476
90,3,74332170817758.0,5156,unknown,44680800.0,2136.660693528353,2.5400744108621924,4.575753153305066,24218.654597598135,6811451,120,2125,NULL,NULL,0.4091222045231135,893.0,1589144.0,2599.531300296112,2.021862503131041
91,2,75704340932214.0,15360,drifting_longlines,67747421.0,1962.5386029411766,1.8318339809615933,5.481367067172299,8822.427529626253,13968275,110,1385,NULL,NULL,0.3490017336979671,452.0,5445760.0,2684.373689727463,1.428384245279476
92,8,76527009766959.0,16286,trollers,16765947.125,1236.1525624490916,1.1324047311026237,2.02852331039962,8239.80691731171,166243,5,15,NULL,NULL,0.005466653231905762,1079.0,51516022.5,2686.3968936468937,2.405517945123536
93,3,77182424306278.0,83111,drifting_longlines,48096978.333333336,999.8294241302739,0.9756531831034546,0.7872500483871917,1719.3789649809116,13968275,110,1385,NULL,NULL,0.3490017336979671,452.0,5445760.0,2684.373689727463,1.428384245279476
94,421,77261928739173.0,68492,trawlers,234296.95724465558,6985.206975253965,1.813247457500074,1.3104693341086509,1438.4365618763918,4368464,49,2501,NULL,NULL,0.5444712833660966,898.0,946266.0,2538.6162744395833,1.5939254923600168
95,7,77303880091301.0,3960,unknown,7370744.428571428,2344.011385944314,1.804532355532617,1.18443119120029,13052.165696939033,6811451,120,2125,NULL,NULL,0.4091222045231135,893.0,1589144.0,2599.531300296112,2.021862503131041
96,19,77832927010710.0,210424,drifting_longlines,7772616.263157895,3780.5197174429245,2.044100361408639,1.1179323739834188,706.1862649123875,13968275,110,1385,NULL,NULL,0.3490017336979671,452.0,5445760.0,2684.373689727463,1.428384245279476
97,1,78046436195905.0,23659,unknown,108578889.0,12959.644947291894,2.2235014726879037,2.2140550854341723,4589.521049961958,6811451,120,2125,NULL,NULL,0.4091222045231135,893.0,1589144.0,2599.531300296112,2.021862503131041
98,1,78359653510570.0,53396,trawlers,129111441.0,7981.216065747614,4.693253688161099,0.47408061977255866,2418.0436557730122,4368464,49,2501,NULL,NULL,0.5444712833660966,898.0,946266.0,2538.6162744395833,1.5939254923600168
99,1,79111403404442.0,35971,purse_seines,154634991.0,1340.7938775510204,0.46446687329794123,2.029258510056134,4298.998915763136,1545306,28,360,NULL,NULL,0.5231519142948668,937.0,8352896.5,3209.08,2.5530147838089783
100,132,80423450140220.0,102120,trawlers,1097078.7878787878,3880.4391433899036,1.9452143507425426,0.35313311314942014,1419.7696666666666,4368464,49,2501,NULL,NULL,0.5444712833660966,898.0,946266.0,2538.6162744395833,1.5939254923600168
101,1,80557044293978.0,70842,drifting_longlines,147629843.0,789.3333333333334,0.03806434944746228,2.403764060874249,2083.9604607501306,13968275,110,1385,NULL,NULL,0.3490017336979671,452.0,5445760.0,2684.373689727463,1.428384245279476
102,110,80798081114349.0,54827,unknown,1318643.309090909,7445.317492120868,5.619859655898121,2.365608994381106,2705.5085561204965,6811451,120,2125,NULL,NULL,0.4091222045231135,893.0,1589144.0,2599.531300296112,2.021862503131041
103,16,81263963638651.0,126715,drifting_longlines,8595572.6875,3436.831047346969,2.167343865118231,3.58238315022547,1083.217872887871,13968275,110,1385,NULL,NULL,0.3490017336979671,452.0,5445760.0,2684.373689727463,1.428384245279476
104,1,81653757071585.0,10253,fixed_gear,145947578.0,8332.429133858268,3.228688672056138,5.833630583511594,14236.010339445962,1559093,36,698,NULL,NULL,0.5044203785446466,949.0,170571.5,5121.719308035714,1.5636171172796722
105,164,81816464146965.0,38104,unknown,611584.268292683,2447.7857428842317,1.1063340465618445,1.5271855557070249,1961.2058092046705,6811451,120,2125,NULL,NULL,0.4091222045231135,893.0,1589144.0,2599.531300296112,2.021862503131041
106,1,82018444517655.0,13816,unknown,79440500.0,97.21087400114504,0.18388547714145362,0.9676712678939634,5750.307636626855,6811451,120,2125,NULL,NULL,0.4091222045231135,893.0,1589144.0,2599.531300296112,2.021862503131041
107,2,83050616095643.0,53293,trawlers,64826601.0,4114.604085819554,4.519252814043823,0.5413795033703311,2429.551143809203,4368464,49,2501,NULL,NULL,0.5444712833660966,898.0,946266.0,2538.6162744395833,1.5939254923600168
108,25,83171028160219.0,81134,purse_seines,6136737.72,2563.722740698654,7.764623219798986,7.563469718472228,1885.0622880011713,1545306,28,360,NULL,NULL,0.5231519142948668,937.0,8352896.5,3209.08,2.5530147838089783
109,1,83611953083118.0,108851,drifting_longlines,154653588.0,846.3832022095748,8.336818088210283,1.761453487129072,1420.7954800183738,13968275,110,1385,NULL,NULL,0.3490017336979671,452.0,5445760.0,2684.373689727463,1.428384245279476
110,1,84948799517770.0,57553,drifting_longlines,136202439.0,0.0,0.00011451532200818663,1.474263099647773,2366.5978419516264,13968275,110,1385,NULL,NULL,0.3490017336979671,452.0,5445760.0,2684.373689727463,1.428384245279476
111,1,85022770160929.0,36426,fixed_gear,108207767.0,1307.6374045801526,1.6797810076444313,0.11731129774167383,2970.7005353466025,1559093,36,698,NULL,NULL,0.5044203785446466,949.0,170571.5,5121.719308035714,1.5636171172796722
112,1,85873573270094.0,38350,purse_seines,151388807.0,903.581884057971,49.04669085227233,1.7382575764018777,3947.6598346762626,1545306,28,360,NULL,NULL,0.5231519142948668,937.0,8352896.5,3209.08,2.5530147838089783
113,8,86119106497840.0,134109,unknown,15318967.375,1158.2945323707067,7.366352598876649,0.09921960260703994,913.7680195628187,6811451,120,2125,NULL,NULL,0.4091222045231135,893.0,1589144.0,2599.531300296112,2.021862503131041
114,1,86817739143879.0,129460,trawlers,136014207.0,542.8662265462126,0.7491452734800036,0.6878311334011294,1050.6353903552476,4368464,49,2501,NULL,NULL,0.5444712833660966,898.0,946266.0,2538.6162744395833,1.5939254923600168
115,9,87031415611873.0,66972,pole_and_line,16340450.222222222,1076.753887369744,0.8954835298256556,0.5897734797886799,2196.2587653804803,161299,6,163,NULL,NULL,0.22210639732325027,932.0,1544977.5,1868.612717385452,1.0738801593863063
116,2,87919276942456.0,285513,drifting_longlines,76222980.0,23350.0555128259,21.691406107696174,0.8093965746167928,533.9407588499217,13968275,110,1385,NULL,NULL,0.3490017336979671,452.0,5445760.0,2684.373689727463,1.428384245279476
117,2,88026465034109.0,191079,drifting_longlines,72419590.5,1698.5803897149713,0.7071122314096153,1.1350106820592574,759.4271499644634,13968275,110,1385,NULL,NULL,0.3490017336979671,452.0,5445760.0,2684.373689727463,1.428384245279476
118,4,88060965838011.0,14796,purse_seines,36061731.5,4814.996163173586,4.009973127997962,3.5613331244356994,9751.685100054083,1545306,28,360,NULL,NULL,0.5231519142948668,937.0,8352896.5,3209.08,2.5530147838089783
119,5,88780175381729.0,13087,fixed_gear,10140605.8,14854.942111465765,6.049492801564114,0.7657220723005027,3947.2223235316465,1559093,36,698,NULL,NULL,0.5044203785446466,949.0,170571.5,5121.719308035714,1.5636171172796722
120,17,89110306461984.0,41735,drifting_longlines,4778008.764705882,16415.55249161637,2.06316396192263,1.7123145788952645,1939.022009432614,13968275,110,1385,NULL,NULL,0.3490017336979671,452.0,5445760.0,2684.373689727463,1.428384245279476
121,5,89470223580135.0,242516,unknown,30918056.2,2572.5279303641732,2.241208796377776,0.9001997858236366,637.4933007923617,6811451,120,2125,NULL,NULL,0.4091222045231135,893.0,1589144.0,2599.531300296112,2.021862503131041
122,36,91817019950540.0,157288,drifting_longlines,3796825.361111111,925.558598655593,8.665093053001678,1.2720511697270915,865.1434846633456,13968275,110,1385,NULL,NULL,0.3490017336979671,452.0,5445760.0,2684.373689727463,1.428384245279476
123,133,92501913642218.0,21426,unknown,671422.6466165413,4181.926660373678,1.6162416449536143,1.3399381485081032,4325.968692022264,6811451,120,2125,NULL,NULL,0.4091222045231135,893.0,1589144.0,2599.531300296112,2.021862503131041
124,1,93490793677940.0,16445,unknown,66063837.0,5681.7828947368425,2.1900752006195594,2.882551100297073,4017.504074434444,6811451,120,2125,NULL,NULL,0.4091222045231135,893.0,1589144.0,2599.531300296112,2.021862503131041
125,2,94009022646679.0,48534,fixed_gear,65435934.5,8193.278846153846,2.375435101759843,1.1391032141584125,2696.6098450506884,1559093,36,698,NULL,NULL,0.5044203785446466,949.0,170571.5,5121.719308035714,1.5636171172796722
126,25,94745481952721.0,6355,fixed_gear,446034.64,2755.477846868889,1.3640511014191674,0.10506911484033712,1761.112409220082,1559093,36,698,NULL,NULL,0.5044203785446466,949.0,170571.5,5121.719308035714,1.5636171172796722
127,23,95062718521348.0,78398,drifting_longlines,5570976.608695652,4559.057121028309,1.5746785739471993,2.04158943879855,1569.0106925481164,13968275,110,1385,NULL,NULL,0.3490017336979671,452.0,5445760.0,2684.373689727463,1.428384245279476
128,1,96214383360627.0,177396,drifting_longlines,154652409.0,976.8275862068965,0.9790507250249246,1.1893887220292076,871.7968883001212,13968275,110,1385,NULL,NULL,0.3490017336979671,452.0,5445760.0,2684.373689727463,1.428384245279476
129,2,97646330651088.0,86794,unknown,77239484.0,1013.5966143053225,0.9820608166274855,1.3871302365973321,1779.8756567425569,6811451,120,2125,NULL,NULL,0.4091222045231135,893.0,1589144.0,2599.531300296112,2.021862503131041
130,3,99660428945387.0,15449,unknown,33718485.333333336,2290.6715769708026,1.2129612738731603,1.0808831350088033,6548.974232811084,6811451,120,2125,NULL,NULL,0.4091222045231135,893.0,1589144.0,2599.531300296112,2.021862503131041
131,1,100043174358994.0,225942,drifting_longlines,111353595.0,1015.4262295081967,1.015884012523534,0.3493124288435841,492.8436848557809,13968275,110,1385,NULL,NULL,0.3490017336979671,452.0,5445760.0,2684.373689727463,1.428384245279476
132,1,100771710683634.0,16434,drifting_longlines,127673222.0,1068.2125,1.1094876400087474,6.494446572502134,7769.319174831133,13968275,110,1385,NULL,NULL,0.3490017336979671,452.0,5445760.0,2684.373689727463,1.428384245279476
133,34,101531095774923.0,40693,unknown,1934902.8823529412,1941.21815703768,2.7549199774129067,0.26127207243324785,1616.2290709953095,6811451,120,2125,NULL,NULL,0.4091222045231135,893.0,1589144.0,2599.531300296112,2.021862503131041
134,3,102029098096261.0,13340,pole_and_line,16931565.333333332,1380.1105687022573,1.329533837946671,4.954117433410185,3808.051428143039,161299,6,163,NULL,NULL,0.22210639732325027,932.0,1544977.5,1868.612717385452,1.0738801593863063
135,57,102111574707951.0,22755,drifting_longlines,1644348.8245614036,5212.009130744887,3.3936780639223687,0.46843170669409473,2525.383727825689,13968275,110,1385,NULL,NULL,0.3490017336979671,452.0,5445760.0,2684.373689727463,1.428384245279476
136,1,103256728504203.0,23080,unknown,125783596.0,3686.2865351411024,3.2590678477951447,0.9425414314050392,5450.1319814550025,6811451,120,2125,NULL,NULL,0.4091222045231135,893.0,1589144.0,2599.531300296112,2.021862503131041
137,7,103576446797335.0,74576,drifting_longlines,21734360.42857143,7322.965207806902,2.904878523542004,1.0722336965330443,2040.186249530655,13968275,110,1385,NULL,NULL,0.3490017336979671,452.0,5445760.0,2684.373689727463,1.428384245279476
138,1,103582303893626.0,9608,unknown,153781122.0,761.46875,0.0033340972066580195,2.89418804660036,16007.19496200687,6811451,120,2125,NULL,NULL,0.4091222045231135,893.0,1589144.0,2599.531300296112,2.021862503131041
139,2,103786638076601.0,58772,fixed_gear,53613380.0,762.1394230769231,0.0029695878194607663,1.2021761215942093,1824.515228858261,1559093,36,698,NULL,NULL,0.5044203785446466,949.0,170571.5,5121.719308035714,1.5636171172796722
140,5,103899707980421.0,177082,unknown,17307366.0,762.7139682539683,0.0028257436022973937,0.7300774793632573,488.7097429989666,6811451,120,2125,NULL,NULL,0.4091222045231135,893.0,1589144.0,2599.531300296112,2.021862503131041
141,1,103912281609040.0,11005,unknown,142607933.0,763.6176470588235,0.003087390575335242,2.2235014726879037,12959.644947291894,6811451,120,2125,NULL,NULL,0.4091222045231135,893.0,1589144.0,2599.531300296112,2.021862503131041
142,2,103998194181708.0,40570,unknown,77292008.0,759.0232057416268,0.002258858518159796,2.0339246905044805,3805.8075749372447,6811451,120,2125,NULL,NULL,0.4091222045231135,893.0,1589144.0,2599.531300296112,2.021862503131041
143,1,104081773926431.0,117634,fixed_gear,153932387.0,757.3333333333334,0.0028609015364711196,0.5282579280752048,1308.5816650089687,1559093,36,698,NULL,NULL,0.5044203785446466,949.0,170571.5,5121.719308035714,1.5636171172796722
144,2,105579478788595.0,33152,unknown,55178291.5,753.7826655052265,0.0025361194575360393,1.7188866303193227,3329.007028657617,6811451,120,2125,NULL,NULL,0.4091222045231135,893.0,1589144.0,2599.531300296112,2.021862503131041
145,1,105840999213879.0,14939,unknown,121111554.0,675.8333333333334,0.00237141244983481,3.53858079795465,8107.615075646004,6811451,120,2125,NULL,NULL,0.4091222045231135,893.0,1589144.0,2599.531300296112,2.021862503131041
146,1,106079878956020.0,4353,unknown,55802293.0,750.2075471698113,0.002695881067844523,1.4580120939870465,12822.218060661764,6811451,120,2125,NULL,NULL,0.4091222045231135,893.0,1589144.0,2599.531300296112,2.021862503131041
147,1,106150487182509.0,113588,fixed_gear,120943514.0,780.5942028985507,0.002794507926404534,0.9348632154967094,1064.7654573146574,1559093,36,698,NULL,NULL,0.5044203785446466,949.0,170571.5,5121.719308035714,1.5636171172796722
148,68,107065136018433.0,47577,unknown,625689.5735294118,766.7907549396228,0.0027600715890589824,0.8047942771602062,908.9204308934047,6811451,120,2125,NULL,NULL,0.4091222045231135,893.0,1589144.0,2599.531300296112,2.021862503131041
149,2,108694285641009.0,220424,drifting_longlines,77325610.5,781.25,0.0038519875166273597,1.029377593351483,701.6142717151646,13968275,110,1385,NULL,NULL,0.3490017336979671,452.0,5445760.0,2684.373689727463,1.428384245279476
150,21,108916342700357.0,16001,trawlers,3619709.8095238097,6723.2166607678755,0.6605232810338391,1.596428949306534,4824.290171990172,4368464,49,2501,NULL,NULL,0.5444712833660966,898.0,946266.0,2538.6162744395833,1.5939254923600168
151,11,109864465509954.0,59447,drifting_longlines,10382521.454545455,1905.1440748811,1.0322738093670687,2.3850439757490283,1907.6101911674334,13968275,110,1385,NULL,NULL,0.3490017336979671,452.0,5445760.0,2684.373689727463,1.428384245279476
152,17,109899633275761.0,31612,purse_seines,8973613.235294119,3863.5682527259232,1.3299095608357085,1.6218556891130549,4833.007754146094,1545306,28,360,NULL,NULL,0.5231519142948668,937.0,8352896.5,3209.08,2.5530147838089783
153,133,110014060911622.0,18421,trawlers,505814.4210526316,3667.6052699434053,1.6230254928812302,1.439813798694228,2396.852104433941,4368464,49,2501,NULL,NULL,0.5444712833660966,898.0,946266.0,2538.6162744395833,1.5939254923600168
154,1,111186925770959.0,66594,unknown,94484537.0,397.8,0.0028449591520548372,1.001150853581836,1418.8358686348415,6811451,120,2125,NULL,NULL,0.4091222045231135,893.0,1589144.0,2599.531300296112,2.021862503131041
155,1,111408197311721.0,13102,unknown,95219433.0,45.86206896551724,0.0008423835615416579,1.4413811349747099,7268.104190519808,6811451,120,2125,NULL,NULL,0.4091222045231135,893.0,1589144.0,2599.531300296112,2.021862503131041
156,21,112453193185843.0,28187,trawlers,6704426.857142857,347.2996814289785,0.0017263508998033705,2.432769775408795,4958.179353749868,4368464,49,2501,NULL,NULL,0.5444712833660966,898.0,946266.0,2538.6162744395833,1.5939254923600168
157,21,112717863785889.0,12933,unknown,465794.85714285716,1116.230697775019,0.17363199769690904,0.630796026306299,756.4315602563113,6811451,120,2125,NULL,NULL,0.4091222045231135,893.0,1589144.0,2599.531300296112,2.021862503131041
158,2,112775316220783.0,54731,unknown,60250898.0,1198.7549019607843,0.005726493917673708,2.0812694819375475,2202.345660515257,6811451,120,2125,NULL,NULL,0.4091222045231135,893.0,1589144.0,2599.531300296112,2.021862503131041
159,1,112940878780541.0,67183,trollers,121002354.0,2635.714285714286,0.004560212043420708,0.03185636093362193,1801.1127087612754,166243,5,15,NULL,NULL,0.005466653231905762,1079.0,51516022.5,2686.3968936468937,2.405517945123536
160,56,115873519952737.0,53098,unknown,2660968.375,3271.9202466976726,1.4200305509317954,1.109409209950806,2755.907398602933,6811451,120,2125,NULL,NULL,0.4091222045231135,893.0,1589144.0,2599.531300296112,2.021862503131041
161,1,116333895145045.0,10397,trawlers,124535088.0,15257.035714285714,8.698925852576586,1.2823655568914436,11979.135051943054,4368464,49,2501,NULL,NULL,0.5444712833660966,898.0,946266.0,2538.6162744395833,1.5939254923600168
162,1,117473549532614.0,58038,unknown,97892579.0,2209.5116822429904,1.2564825777342408,1.159984861603927,1686.7270706618192,6811451,120,2125,NULL,NULL,0.4091222045231135,893.0,1589144.0,2599.531300296112,2.021862503131041
163,1,117813837180006.0,246713,drifting_longlines,154049039.0,5935.669421487603,2.693544484542911,1.0025013513177417,624.4083749473069,13968275,110,1385,NULL,NULL,0.3490017336979671,452.0,5445760.0,2684.373689727463,1.428384245279476
164,7,118281075999064.0,40684,unknown,19688970.714285713,3189.155240030118,1.6348107325580299,1.6622276766518318,3540.2785824571724,6811451,120,2125,NULL,NULL,0.4091222045231135,893.0,1589144.0,2599.531300296112,2.021862503131041
165,73,118485905119293.0,444855,drifting_longlines,2060506.301369863,3759.919160868353,1.2507497225423023,0.5945389076633433,338.26389450081035,13968275,110,1385,NULL,NULL,0.3490017336979671,452.0,5445760.0,2684.373689727463,1.428384245279476
166,1,119914759372174.0,133223,drifting_longlines,154615036.0,46435.260869565216,14.31103637722367,1.4450756130641793,1160.5818558496344,13968275,110,1385,NULL,NULL,0.3490017336979671,452.0,5445760.0,2684.373689727463,1.428384245279476
167,47,121426486551523.0,141412,trawlers,3067375.8723404254,7244.496660437655,4.224684355220717,5.006810569448365,969.1190476190476,4368464,49,2501,NULL,NULL,0.5444712833660966,898.0,946266.0,2538.6162744395833,1.5939254923600168
168,1,121739171405202.0,50411,trawlers,140410580.0,4561.770992366412,4.848748831638846,0.7709063852349631,2785.3715532632414,4368464,49,2501,NULL,NULL,0.5444712833660966,898.0,946266.0,2538.6162744395833,1.5939254923600168
169,2,122096467518708.0,196524,drifting_longlines,59762779.5,2317.5271823547687,1.846223570774343,0.3789142103551029,608.1709382139386,13968275,110,1385,NULL,NULL,0.3490017336979671,452.0,5445760.0,2684.373689727463,1.428384245279476
170,7,124676633425267.0,10445,unknown,13496797.42857143,2410.991590791627,1.698159632328995,6.175766355594929,8198.883297552598,6811451,120,2125,NULL,NULL,0.4091222045231135,893.0,1589144.0,2599.531300296112,2.021862503131041
171,1,125954407820672.0,18531,trollers,39561352.0,2899.414937759336,2.476252983267641,0.32626721233388134,2134.9893146249324,166243,5,15,NULL,NULL,0.005466653231905762,1079.0,51516022.5,2686.3968936468937,2.405517945123536
172,16,126605727399747.0,10439,fixed_gear,8726845.625,4198.769331833184,2.1196904920579165,5.022090483651893,13396.289935719084,1559093,36,698,NULL,NULL,0.5044203785446466,949.0,170571.5,5121.719308035714,1.5636171172796722
173,1,129153374871944.0,43130,purse_seines,107523372.0,1163.886965188822,1.5473107325682927,2.101276960650006,2493.0643418581467,1545306,28,360,NULL,NULL,0.5231519142948668,937.0,8352896.5,3209.08,2.5530147838089783
174,68,130481650671667.0,244707,unknown,2253948.529411765,1735.4398202862137,1.680096509868236,1.1833898538977823,627.3492757806243,6811451,120,2125,NULL,NULL,0.4091222045231135,893.0,1589144.0,2599.531300296112,2.021862503131041
175,1,130528914446151.0,34535,fixed_gear,120367890.0,1229.7692021803766,1.300522415849516,0.48419657441088837,3485.489372792031,1559093,36,698,NULL,NULL,0.5044203785446466,949.0,170571.5,5121.719308035714,1.5636171172796722
176,1,131404935810738.0,176471,unknown,154635210.0,560.7508363133003,0.37148651293969925,0.33569901007491665,876.2691108970363,6811451,120,2125,NULL,NULL,0.4091222045231135,893.0,1589144.0,2599.531300296112,2.021862503131041
177,2,131993145357534.0,92371,unknown,76909421.5,1415.2686733556297,1.0159478341979205,0.7454602087438035,1665.2647858047612,6811451,120,2125,NULL,NULL,0.4091222045231135,893.0,1589144.0,2599.531300296112,2.021862503131041
178,1,132033696632160.0,8546,unknown,141119408.0,2284.525442477876,2.9175813188378767,2.2900993119519866,16514.851726155648,6811451,120,2125,NULL,NULL,0.4091222045231135,893.0,1589144.0,2599.531300296112,2.021862503131041
179,1,132058711150033.0,32521,drifting_longlines,132956637.0,997.375,0.15648141860901393,3.455688063832622,4088.4574723247233,13968275,110,1385,NULL,NULL,0.3490017336979671,452.0,5445760.0,2684.373689727463,1.428384245279476
180,1,132854487178939.0,74415,drifting_longlines,139366252.0,905.1515151515151,0.002758719906304446,2.0324938852731425,1872.849893837181,13968275,110,1385,NULL,NULL,0.3490017336979671,452.0,5445760.0,2684.373689727463,1.428384245279476
181,7,133257915962878.0,171845,unknown,22068304.14285714,2082.1221680750273,1.2540319626576337,0.7943213070525675,898.9668572226132,6811451,120,2125,NULL,NULL,0.4091222045231135,893.0,1589144.0,2599.531300296112,2.021862503131041
182,103,133292692499348.0,63872,purse_seines,1307546.0388349514,4164.65607268876,1.8885182099012345,1.1946200718434765,2201.7516522114215,1545306,28,360,NULL,NULL,0.5231519142948668,937.0,8352896.5,3209.08,2.5530147838089783
183,122,133351132017619.0,25207,unknown,653257.5409836066,1363.3652096155647,10.063348744286483,1.5245267248531071,3357.7521906347883,6811451,120,2125,NULL,NULL,0.4091222045231135,893.0,1589144.0,2599.531300296112,2.021862503131041
184,20,133554754525857.0,33304,purse_seines,7281574.2,502.63387313736496,4.7008073426641115,4.418106473981302,4267.407331916256,1545306,28,360,NULL,NULL,0.5231519142948668,937.0,8352896.5,3209.08,2.5530147838089783
185,11,133747148180235.0,22368,unknown,9070242.454545455,479.73254198733224,0.4761295948710224,2.0390398755187094,4462.3090925354445,6811451,120,2125,NULL,NULL,0.4091222045231135,893.0,1589144.0,2599.531300296112,2.021862503131041
186,1,134198565019795.0,278377,drifting_longlines,154652950.0,473.3030303030303,0.4643131488197193,0.7772402601670638,555.5541785211369,13968275,110,1385,NULL,NULL,0.3490017336979671,452.0,5445760.0,2684.373689727463,1.428384245279476
187,1,134393118622376.0,187593,drifting_longlines,154649767.0,475.7560975609756,0.5842528389605596,1.3437275309533918,824.3942545524329,13968275,110,1385,NULL,NULL,0.3490017336979671,452.0,5445760.0,2684.373689727463,1.428384245279476
188,9,135658402276906.0,64610,trawlers,16502464.888888888,551.617365230924,0.457865125033889,3.8861184445564083,2299.0694261698736,4368464,49,2501,NULL,NULL,0.5444712833660966,898.0,946266.0,2538.6162744395833,1.5939254923600168
189,1,136929052181490.0,10606,fixed_gear,111617269.0,472.35714285714283,0.3637694401054059,0.9695568416943744,10524.966430928807,1559093,36,698,NULL,NULL,0.5044203785446466,949.0,170571.5,5121.719308035714,1.5636171172796722
190,1,138705062821220.0,35330,drifting_longlines,130232817.0,469.76056338028167,0.30904110387127637,3.2590678477951447,3686.2865351411024,13968275,110,1385,NULL,NULL,0.3490017336979671,452.0,5445760.0,2684.373689727463,1.428384245279476
191,4,139028728648447.0,36100,fixed_gear,37473330.5,354.80193191311616,0.40379362300455635,2.188365257078826,4142.609109993923,1559093,36,698,NULL,NULL,0.5044203785446466,949.0,170571.5,5121.719308035714,1.5636171172796722
192,1,139135923300128.0,22920,purse_seines,78055247.0,328.6666666666667,0.2616747252510811,0.5909962807880391,3405.700379597714,1545306,28,360,NULL,NULL,0.5231519142948668,937.0,8352896.5,3209.08,2.5530147838089783
193,106,139761124626862.0,48211,trawlers,1455260.8962264152,1084.2411692299374,1.5495399296347157,1.4689932799774166,3205.53062538957,4368464,49,2501,NULL,NULL,0.5444712833660966,898.0,946266.0,2538.6162744395833,1.5939254923600168
194,1,141400905437140.0,9776,trawlers,125101568.0,778.7848101265823,0.5555706652728932,2.969149363116425,12798.114373401535,4368464,49,2501,NULL,NULL,0.5444712833660966,898.0,946266.0,2538.6162744395833,1.5939254923600168
195,87,141431600530701.0,30522,trawlers,1569838.0689655172,3044.317570891381,4.664151771068828,1.6771569018657189,4459.091664223591,4368464,49,2501,NULL,NULL,0.5444712833660966,898.0,946266.0,2538.6162744395833,1.5939254923600168
196,8,141471888075398.0,59869,drifting_longlines,12726474.0,479.53069890626654,1.0796213673145414,1.381315521437173,1700.6390331902383,13968275,110,1385,NULL,NULL,0.3490017336979671,452.0,5445760.0,2684.373689727463,1.428384245279476
197,40,142159496826239.0,45923,unknown,1562896.1,36976.24527992697,11.687063997060607,1.1307259792822724,1766.625113451675,6811451,120,2125,NULL,NULL,0.4091222045231135,893.0,1589144.0,2599.531300296112,2.021862503131041
198,1,143694748644249.0,182075,drifting_longlines,152724882.0,755.6,0.001805226204814855,1.121203235343769,838.8066500433889,13968275,110,1385,NULL,NULL,0.3490017336979671,452.0,5445760.0,2684.373689727463,1.428384245279476
199,9,143906914639303.0,42522,trawlers,14287854.0,662.8354497354497,0.0012004544662066812,1.5703702646990256,3019.023333255165,4368464,49,2501,NULL,NULL,0.5444712833660966,898.0,946266.0,2538.6162744395833,1.5939254923600168
200,1,148044796865345.0,105311,unknown,69152208.0,571.0,0.0012842052206080256,0.5189287337168508,656.6537650745419,6811451,120,2125,NULL,NULL,0.4091222045231135,893.0,1589144.0,2599.531300296112,2.021862503131041
201,1,149117408188942.0,18062,drifting_longlines,127569222.0,783.1340206185567,5.1229627131373014,4.970246466064718,7063.242456120924,13968275,110,1385,NULL,NULL,0.3490017336979671,452.0,5445760.0,2684.373689727463,1.428384245279476
202,5,149732026109185.0,39450,fixed_gear,24397524.6,2198.178947876634,3.678708454750635,2.5660771990158744,3092.302053231939,1559093,36,698,NULL,NULL,0.5044203785446466,949.0,170571.5,5121.719308035714,1.5636171172796722
203,1,157226661382842.0,19239,drifting_longlines,76264392.0,1385.4778325123152,4.285799463790337,3.4978722189777565,3964.25782305853,13968275,110,1385,NULL,NULL,0.3490017336979671,452.0,5445760.0,2684.373689727463,1.428384245279476
204,61,157515842393095.0,174336,drifting_longlines,1341283.1147540985,2544.9579449255925,6.6445087429311265,0.6360545950383284,476.5526545346815,13968275,110,1385,NULL,NULL,0.3490017336979671,452.0,5445760.0,2684.373689727463,1.428384245279476
205,30,157606376843577.0,365176,drifting_longlines,4515765.433333334,760.420295672766,0.39761760167370974,0.501169925622579,371.68691684094017,13968275,110,1385,NULL,NULL,0.3490017336979671,452.0,5445760.0,2684.373689727463,1.428384245279476
206,1,158316964992067.0,8708,purse_seines,85268543.0,722.0,0.003880090325541895,0.899512588842535,9793.102446307568,1545306,28,360,NULL,NULL,0.5231519142948668,937.0,8352896.5,3209.08,2.5530147838089783
207,24,160888730138947.0,82590,drifting_longlines,5909698.916666667,23720.12711481453,3.7181933694606246,2.7713758291657227,1698.1875184420182,13968275,110,1385,NULL,NULL,0.3490017336979671,452.0,5445760.0,2684.373689727463,1.428384245279476
208,1,160923064121683.0,4475,unknown,20549051.0,5140.666666666667,0.013155327749658142,0.9069539592955663,4592.993071077336,6811451,120,2125,NULL,NULL,0.4091222045231135,893.0,1589144.0,2599.531300296112,2.021862503131041
209,1,163454186850556.0,52446,unknown,102839522.0,10.0,0.0004501229626706135,1.0356649659339452,1960.9023167127466,6811451,120,2125,NULL,NULL,0.4091222045231135,893.0,1589144.0,2599.531300296112,2.021862503131041
210,1,164146740964321.0,74323,trawlers,149593750.0,3375.8864829396325,7.190265580950071,1.029721702576596,2012.778854175076,4368464,49,2501,NULL,NULL,0.5444712833660966,898.0,946266.0,2538.6162744395833,1.5939254923600168
211,5,165172979135964.0,5347,unknown,11667448.0,3010.9221059327506,1.865529785194321,10.001908227994267,10916.573353293414,6811451,120,2125,NULL,NULL,0.4091222045231135,893.0,1589144.0,2599.531300296112,2.021862503131041
212,1,165216960017713.0,49143,unknown,94148014.0,8170.054263565891,4.375952794190844,2.2025190110041772,1915.8360262097594,6811451,120,2125,NULL,NULL,0.4091222045231135,893.0,1589144.0,2599.531300296112,2.021862503131041
213,14,165348632022699.0,53660,unknown,5794497.857142857,5041.0297066928915,2.9552712103322376,0.32136303675904315,1512.0900279589935,6811451,120,2125,NULL,NULL,0.4091222045231135,893.0,1589144.0,2599.531300296112,2.021862503131041
214,2,167072386810842.0,37894,trollers,73754527.5,8669.740849673202,4.432268269398163,0.07005323713283844,3892.881215032197,166243,5,15,NULL,NULL,0.005466653231905762,1079.0,51516022.5,2686.3968936468937,2.405517945123536
215,1,168015789077263.0,13289,drifting_longlines,154640505.0,10207.02,5.976856508263882,3.179073713635749,11637.60573449729,13968275,110,1385,NULL,NULL,0.3490017336979671,452.0,5445760.0,2684.373689727463,1.428384245279476
216,2,168698449680984.0,101146,unknown,43488669.5,3396.6654404604765,2.16993843014088,0.945744556331819,859.9119993672575,6811451,120,2125,NULL,NULL,0.4091222045231135,893.0,1589144.0,2599.531300296112,2.021862503131041
217,1,169618621411728.0,37777,trawlers,153783629.0,989.6881720430108,0.07743607908322087,4.980567521696608,4070.934693985599,4368464,49,2501,NULL,NULL,0.5444712833660966,898.0,946266.0,2538.6162744395833,1.5939254923600168
218,46,170052967564863.0,84429,unknown,3329638.304347826,3302.041283940461,2.098488734297504,0.42939389252401805,1801.948210383631,6811451,120,2125,NULL,NULL,0.4091222045231135,893.0,1589144.0,2599.531300296112,2.021862503131041
219,7,171088031194242.0,199981,purse_seines,16513869.857142856,2640.284539995476,2.015577550466808,1.0617290574068468,579.5803190239317,1545306,28,360,NULL,NULL,0.5231519142948668,937.0,8352896.5,3209.08,2.5530147838089783
220,1,171635257146764.0,11226,unknown,104796034.0,3305.2547098718915,3.5562929951611397,0.9126834010409264,9335.949576837416,6811451,120,2125,NULL,NULL,0.4091222045231135,893.0,1589144.0,2599.531300296112,2.021862503131041
221,8,174262098720075.0,39879,unknown,14227560.25,4406.983096305763,2.3919321708197434,1.7581910430055345,2808.846549696138,6811451,120,2125,NULL,NULL,0.4091222045231135,893.0,1589144.0,2599.531300296112,2.021862503131041
222,110,174925870281549.0,34213,drifting_longlines,761288.6636363637,19647.167821740877,0.3999804381543851,1.0908747109587915,2274.4167736621525,13968275,110,1385,NULL,NULL,0.3490017336979671,452.0,5445760.0,2684.373689727463,1.428384245279476
223,8,175026518773038.0,198078,unknown,11863318.875,533.172619047619,0.0005918319061116281,0.6315216766190316,479.16313012747696,6811451,120,2125,NULL,NULL,0.4091222045231135,893.0,1589144.0,2599.531300296112,2.021862503131041
224,73,175387414441613.0,108670,trawlers,2061771.6849315069,4015.9315230566276,0.9310579824340854,1.4504394034243078,1352.9739412254194,4368464,49,2501,NULL,NULL,0.5444712833660966,898.0,946266.0,2538.6162744395833,1.5939254923600168
225,1,176800215813134.0,36898,unknown,153624621.0,795.75,0.0007117219196467189,0.816706998891718,4163.6073664525575,6811451,120,2125,NULL,NULL,0.4091222045231135,893.0,1589144.0,2599.531300296112,2.021862503131041
226,1,177523928951928.0,118063,drifting_longlines,111287113.0,821.0,0.002553274422545191,0.7600030324289831,942.6158543815961,13968275,110,1385,NULL,NULL,0.3490017336979671,452.0,5445760.0,2684.373689727463,1.428384245279476
227,5,178183327397239.0,67605,purse_seines,23381645.6,5443.750214606236,1.3819491523209675,1.1173325211444973,1727.4549507654606,1545306,28,360,NULL,NULL,0.5231519142948668,937.0,8352896.5,3209.08,2.5530147838089783
228,2,178555652571863.0,6559,purse_seines,53769740.0,2672.4682175622543,0.7223891016217864,3.527517107523318,16400.71374104011,1545306,28,360,NULL,NULL,0.5231519142948668,937.0,8352896.5,3209.08,2.5530147838089783
229,1,178858950138911.0,39443,fixed_gear,124517008.0,5188.786666666667,1.2111372270111131,1.4729479524848237,3156.964859794128,1559093,36,698,NULL,NULL,0.5044203785446466,949.0,170571.5,5121.719308035714,1.5636171172796722
230,5,180084767642619.0,81627,drifting_longlines,28615716.0,1748.5393345254874,1.0774582398449852,0.8169054166114316,1752.8145611799873,13968275,110,1385,NULL,NULL,0.3490017336979671,452.0,5445760.0,2684.373689727463,1.428384245279476
231,4,181792856256929.0,6460,fixed_gear,20934770.0,3614.16580697971,1.3989717585924286,3.387388978464078,12970.737298636926,1559093,36,698,NULL,NULL,0.5044203785446466,949.0,170571.5,5121.719308035714,1.5636171172796722
232,23,182087889708399.0,287416,drifting_longlines,6579351.217391305,1665.2057693256431,0.7635270412867355,0.8169218678644535,510.9518185394168,13968275,110,1385,NULL,NULL,0.3490017336979671,452.0,5445760.0,2684.373689727463,1.428384245279476
233,9,183307128826540.0,48696,unknown,15123060.888888888,1969.9867834962788,1.0485454328336,4.51266350034645,2793.637905922416,6811451,120,2125,NULL,NULL,0.4091222045231135,893.0,1589144.0,2599.531300296112,2.021862503131041
234,1,183315297229165.0,60854,unknown,154421464.0,1218.3728813559321,1.3693913254911891,1.3551753235258752,2537.6146451284244,6811451,120,2125,NULL,NULL,0.4091222045231135,893.0,1589144.0,2599.531300296112,2.021862503131041
235,6,183690246677486.0,125980,drifting_longlines,17376020.0,1846.6786629381788,1.1022714964623896,1.2555299733554763,827.610050961279,13968275,110,1385,NULL,NULL,0.3490017336979671,452.0,5445760.0,2684.373689727463,1.428384245279476
236,31,183812835001603.0,60692,trawlers,4390703.548387097,2873.6133600745384,1.2255503833998065,0.8655928918238197,2243.159577448541,4368464,49,2501,NULL,NULL,0.5444712833660966,898.0,946266.0,2538.6162744395833,1.5939254923600168
237,6,184417002225525.0,78060,drifting_longlines,24291777.5,802.768745143745,0.6448870031762687,2.7335730738450716,1792.7834007603822,13968275,110,1385,NULL,NULL,0.3490017336979671,452.0,5445760.0,2684.373689727463,1.428384245279476
238,9,184777002834026.0,120670,unknown,15910889.777777778,2485.2053502693984,5.190730397154023,0.7514779562777084,1186.6011246656233,6811451,120,2125,NULL,NULL,0.4091222045231135,893.0,1589144.0,2599.531300296112,2.021862503131041
239,8,184922007900201.0,26159,fixed_gear,13897283.625,2053.3585402422627,1.0043660516954809,1.7591170671914655,4251.098917906167,1559093,36,698,NULL,NULL,0.5044203785446466,949.0,170571.5,5121.719308035714,1.5636171172796722
240,313,185079710227621.0,22996,fixed_gear,70430.60383386581,5049.09070920614,1.247701605386503,3.6052197097763488,1821.4520992972916,1559093,36,698,NULL,NULL,0.5044203785446466,949.0,170571.5,5121.719308035714,1.5636171172796722
241,4,185191354590588.0,453998,unknown,38572204.25,227.8778759019159,0.20023302709460886,0.5185174204966752,339.84434987742264,6811451,120,2125,NULL,NULL,0.4091222045231135,893.0,1589144.0,2599.531300296112,2.021862503131041
242,1,185895448245062.0,5031,unknown,76037533.0,164.9052380952381,0.004006995635760614,1.5687934554429144,15116.805765407555,6811451,120,2125,NULL,NULL,0.4091222045231135,893.0,1589144.0,2599.531300296112,2.021862503131041
243,2,186746307373264.0,43409,trawlers,54858501.0,592.8616666666667,0.0006909500218007134,5.877337776976128,2527.633837860253,4368464,49,2501,NULL,NULL,0.5444712833660966,898.0,946266.0,2538.6162744395833,1.5939254923600168
244,1,187372144064677.0,10396,unknown,127726226.0,720.7368421052631,0.000896094623941594,1.680892244149071,12287.275228475228,6811451,120,2125,NULL,NULL,0.4091222045231135,893.0,1589144.0,2599.531300296112,2.021862503131041
245,5,187707772448569.0,91699,drifting_longlines,19284454.8,433.94993761140813,0.0005309534886517156,0.6950437049320499,1051.1681801829302,13968275,110,1385,NULL,NULL,0.3490017336979671,452.0,5445760.0,2684.373689727463,1.428384245279476
246,1,188687364514644.0,99042,drifting_longlines,153844087.0,720.25,0.0004301507330265298,1.663540922919769,1553.3373754303773,13968275,110,1385,NULL,NULL,0.3490017336979671,452.0,5445760.0,2684.373689727463,1.428384245279476
247,2,191981830340478.0,124919,unknown,41162367.0,687.4166666666667,0.001029019997781457,0.8319479627933479,659.053015385108,6811451,120,2125,NULL,NULL,0.4091222045231135,893.0,1589144.0,2599.531300296112,2.021862503131041
248,7,192426881471378.0,139532,trawlers,18095191.57142857,1257.9182126833605,3.5322184109653776,1.5290540232698842,907.839749148898,4368464,49,2501,NULL,NULL,0.5444712833660966,898.0,946266.0,2538.6162744395833,1.5939254923600168
249,1,192692343350638.0,18949,drifting_longlines,123088485.0,946.7263491005996,1.5572085895792003,5.429049753700136,6496.1201709943,13968275,110,1385,NULL,NULL,0.3490017336979671,452.0,5445760.0,2684.373689727463,1.428384245279476
250,12,192803403297411.0,77291,purse_seines,12381531.583333334,4545.103484703222,2.752254876436479,3.633280535374527,1948.9563451906695,1545306,28,360,NULL,NULL,0.5231519142948668,937.0,8352896.5,3209.08,2.5530147838089783
251,4,193498979667189.0,34429,unknown,34047865.75,1890.8600722355795,1.2463032545815649,0.22783681623479018,3956.064137570441,6811451,120,2125,NULL,NULL,0.4091222045231135,893.0,1589144.0,2599.531300296112,2.021862503131041
252,2,194671993660064.0,13964,drifting_longlines,53487918.5,3045.117730880614,1.4788495260312495,4.346003618782031,7661.927875662513,13968275,110,1385,NULL,NULL,0.3490017336979671,452.0,5445760.0,2684.373689727463,1.428384245279476
253,1,194716368060295.0,2530,fixed_gear,50600685.0,54216.28571428572,0.9554746631709632,1.6857611795576501,20008.179122182682,1559093,36,698,NULL,NULL,0.5044203785446466,949.0,170571.5,5121.719308035714,1.5636171172796722
254,1,195297883294501.0,40924,unknown,104546813.0,1071.0547445255474,1.038693227029101,0.23814785892363868,2554.720157368717,6811451,120,2125,NULL,NULL,0.4091222045231135,893.0,1589144.0,2599.531300296112,2.021862503131041
255,1,196010605910823.0,153766,drifting_longlines,154190790.0,1916.1362763915547,1.0690459921034332,0.6385245019770237,1002.7690956979807,13968275,110,1385,NULL,NULL,0.3490017336979671,452.0,5445760.0,2684.373689727463,1.428384245279476
256,10,196184437994412.0,3886,pole_and_line,5757888.8,2791.291469736409,1.5341477249016156,14.608546193881086,14851.406757802424,161299,6,163,NULL,NULL,0.22210639732325027,932.0,1544977.5,1868.612717385452,1.0738801593863063
257,2,196934368191473.0,16102,drifting_longlines,68626701.5,5394.101327018263,2.7571878066220554,3.337103567368424,8519.606582780636,13968275,110,1385,NULL,NULL,0.3490017336979671,452.0,5445760.0,2684.373689727463,1.428384245279476
258,1,197235271847792.0,28028,drifting_longlines,107372009.0,4896.069105691057,2.653931434882264,3.7446308374716333,3831.020408891426,13968275,110,1385,NULL,NULL,0.3490017336979671,452.0,5445760.0,2684.373689727463,1.428384245279476
259,19,198075846723102.0,144536,drifting_longlines,6156714.052631579,8627.479510980707,0.7767434120847563,0.6104182920889105,796.8785969556585,13968275,110,1385,NULL,NULL,0.3490017336979671,452.0,5445760.0,2684.373689727463,1.428384245279476
260,1,198239745232190.0,9386,unknown,147704409.0,813.6490066225166,0.0003969568793853252,3.0020266959332136,15738.349387320191,6811451,120,2125,NULL,NULL,0.4091222045231135,893.0,1589144.0,2599.531300296112,2.021862503131041
261,1,198266627907369.0,34514,drifting_longlines,135853108.0,338.22972972972974,0.9043787770247167,3.293011250385294,3936.288007417495,13968275,110,1385,NULL,NULL,0.3490017336979671,452.0,5445760.0,2684.373689727463,1.428384245279476
262,1,200285183752515.0,7424,unknown,14740144.0,474.4186291739895,0.4862958625868354,3.4933019812871073,1985.7394584399838,6811451,120,2125,NULL,NULL,0.4091222045231135,893.0,1589144.0,2599.531300296112,2.021862503131041
263,63,202807357436622.0,91098,drifting_longlines,2329258.746031746,340.13463611016726,0.47363875473035877,2.5573491148438237,1531.664008435363,13968275,110,1385,NULL,NULL,0.3490017336979671,452.0,5445760.0,2684.373689727463,1.428384245279476
264,1,203685766228826.0,44364,fixed_gear,129608381.0,6356.770478507705,2.1317246400512233,1.4041449550655865,2921.5422987624825,1559093,36,698,NULL,NULL,0.5044203785446466,949.0,170571.5,5121.719308035714,1.5636171172796722
265,54,204349732031005.0,131781,drifting_longlines,2711997.9444444445,3264.585321497024,0.8354176521705612,22.119336935459774,1123.4084983486346,13968275,110,1385,NULL,NULL,0.3490017336979671,452.0,5445760.0,2684.373689727463,1.428384245279476
266,1,205198558017191.0,13664,fixed_gear,121008857.0,1170.0,0.0010416498650585326,5.05805022845581,8856.682792944448,1559093,36,698,NULL,NULL,0.5044203785446466,949.0,170571.5,5121.719308035714,1.5636171172796722
267,1,205398406929032.0,53547,drifting_longlines,153358019.0,5057.978723404255,6.790470878717563,3.2439841119850352,2864.0424868337504,13968275,110,1385,NULL,NULL,0.3490017336979671,452.0,5445760.0,2684.373689727463,1.428384245279476
268,5,206231378752674.0,93468,unknown,30810435.6,3485.8509186351703,3.706877870621459,1.996892968764643,1647.6103507271173,6811451,120,2125,NULL,NULL,0.4091222045231135,893.0,1589144.0,2599.531300296112,2.021862503131041
269,2,207302220793465.0,177115,trawlers,77324433.5,4597.943514644351,5.782281293609216,0.42051929697015267,873.1732536868493,4368464,49,2501,NULL,NULL,0.5444712833660966,898.0,946266.0,2538.6162744395833,1.5939254923600168
270,1,207493565218514.0,93756,drifting_longlines,147020166.0,2702.050314465409,4.809769008710119,1.9867605979303096,1568.1314703215828,13968275,110,1385,NULL,NULL,0.3490017336979671,452.0,5445760.0,2684.373689727463,1.428384245279476
271,37,207595838999742.0,23286,drifting_longlines,1440453.0810810812,3240.598525035929,1.8470123806548377,3.217568105750608,2545.2538831902866,13968275,110,1385,NULL,NULL,0.3490017336979671,452.0,5445760.0,2684.373689727463,1.428384245279476
272,3,207649577408623.0,95393,drifting_longlines,35663475.0,662.138547995349,4.837492063983467,0.7528468453814289,1121.5310544356742,13968275,110,1385,NULL,NULL,0.3490017336979671,452.0,5445760.0,2684.373689727463,1.428384245279476
273,2,208886908053041.0,9748,drifting_longlines,68052353.5,624.6764889054214,0.3861668125763134,7.378846190838571,13965.186435460702,13968275,110,1385,NULL,NULL,0.3490017336979671,452.0,5445760.0,2684.373689727463,1.428384245279476
274,1,208925550869609.0,165683,drifting_longlines,113866262.0,858.2589928057554,0.6258289026500827,0.4844113909479575,687.2578916237129,13968275,110,1385,NULL,NULL,0.3490017336979671,452.0,5445760.0,2684.373689727463,1.428384245279476
275,5,209123096662320.0,31485,unknown,30006945.2,693.2268306414833,0.617390237543055,0.8084474204954465,4766.033227445998,6811451,120,2125,NULL,NULL,0.4091222045231135,893.0,1589144.0,2599.531300296112,2.021862503131041
276,4,209987524306087.0,7479,unknown,38587679.5,590.8101107482256,0.2863634196972486,2.6830485181617436,20643.430654005617,6811451,120,2125,NULL,NULL,0.4091222045231135,893.0,1589144.0,2599.531300296112,2.021862503131041
277,5,210316168866209.0,20280,drifting_longlines,14250983.4,367.8350687569313,0.17502840120121965,5.938104960701462,3513.9163056321386,13968275,110,1385,NULL,NULL,0.3490017336979671,452.0,5445760.0,2684.373689727463,1.428384245279476
278,79,212575426119644.0,17099,unknown,577885.9620253164,1264.7560051067742,0.9898395594500994,1.585577757055289,2431.077763594588,6811451,120,2125,NULL,NULL,0.4091222045231135,893.0,1589144.0,2599.531300296112,2.021862503131041
279,19,212703922233424.0,132093,drifting_longlines,8021599.684210527,1301.5158426028393,1.6117245085884728,1.6846170145184534,1142.1332048907002,13968275,110,1385,NULL,NULL,0.3490017336979671,452.0,5445760.0,2684.373689727463,1.428384245279476
280,4,214572731257568.0,14009,pole_and_line,37320393.75,5951.45601743434,7.269108317628042,1.3588402440435312,10657.145059965735,161299,6,163,NULL,NULL,0.22210639732325027,932.0,1544977.5,1868.612717385452,1.0738801593863063
281,125,214816980817252.0,14990,unknown,510171.888,1944.9648124343164,1.5226830033442582,0.8815260702329285,4122.700231184177,6811451,120,2125,NULL,NULL,0.4091222045231135,893.0,1589144.0,2599.531300296112,2.021862503131041
282,5,215151145083937.0,92815,drifting_longlines,29206982.4,746.9062565534916,0.7478928632913318,1.8645086223321223,1573.2682666724118,13968275,110,1385,NULL,NULL,0.3490017336979671,452.0,5445760.0,2684.373689727463,1.428384245279476
283,1,218796484670282.0,69574,trawlers,140375529.0,737.0,0.754576006579245,0.7006873915396752,2017.6725022638093,4368464,49,2501,NULL,NULL,0.5444712833660966,898.0,946266.0,2538.6162744395833,1.5939254923600168
284,360,218997104404214.0,40545,trawlers,282215.75833333336,2979.8572852475613,3.218012711695491,1.1665692863750765,2591.3989092075713,4368464,49,2501,NULL,NULL,0.5444712833660966,898.0,946266.0,2538.6162744395833,1.5939254923600168
285,2,222656062190286.0,48273,trawlers,55614348.5,1376.461791559318,1.9374208654806198,0.728099119391842,2268.065572443383,4368464,49,2501,NULL,NULL,0.5444712833660966,898.0,946266.0,2538.6162744395833,1.5939254923600168
286,3,223168089886026.0,11303,unknown,49219284.333333336,2188.4041410097902,0.0758700866957144,2.2578991435659144,13067.066637168142,6811451,120,2125,NULL,NULL,0.4091222045231135,893.0,1589144.0,2599.531300296112,2.021862503131041
287,1,224464308529424.0,240076,drifting_longlines,154652581.0,928.8699344819219,0.10775885861874693,0.9827766279977557,644.184446527127,13968275,110,1385,NULL,NULL,0.3490017336979671,452.0,5445760.0,2684.373689727463,1.428384245279476
288,23,224833127282221.0,19875,trawlers,4893895.9130434785,99599.83142926809,6.444782528096144,1.4794873838707936,5659.328457981504,4368464,49,2501,NULL,NULL,0.5444712833660966,898.0,946266.0,2538.6162744395833,1.5939254923600168
289,4,225902824726985.0,153437,drifting_longlines,38297407.25,1269.9203797225546,0.3682471145499383,0.6869938008294723,998.4138288373426,13968275,110,1385,NULL,NULL,0.3490017336979671,452.0,5445760.0,2684.373689727463,1.428384245279476
290,1,225979484556258.0,21720,unknown,80687569.0,232.8449087360808,0.2375710483370665,1.4984038363057837,3715.068327271053,6811451,120,2125,NULL,NULL,0.4091222045231135,893.0,1589144.0,2599.531300296112,2.021862503131041
291,3,225986789154693.0,47245,fixed_gear,50219507.0,610.3135728618666,0.32692626949937115,0.8680420186855345,3189.0800770500828,1559093,36,698,NULL,NULL,0.5044203785446466,949.0,170571.5,5121.719308035714,1.5636171172796722
292,2,229319160229391.0,44460,unknown,76843768.5,1865.0631553650642,0.40450772827180004,3.270566161988049,3456.915223356876,6811451,120,2125,NULL,NULL,0.4091222045231135,893.0,1589144.0,2599.531300296112,2.021862503131041
293,108,229561307305795.0,16514,trawlers,956110.1111111111,2472.754624716419,9.676600537418315,0.9359195374952498,6295.988846224172,4368464,49,2501,NULL,NULL,0.5444712833660966,898.0,946266.0,2538.6162744395833,1.5939254923600168
294,6,229675783400528.0,191639,unknown,25453019.666666668,NULL,NULL,0.551502717692765,792.3782141284356,6811451,120,2125,NULL,NULL,0.4091222045231135,893.0,1589144.0,2599.531300296112,2.021862503131041
295,22,229926462784947.0,170847,drifting_longlines,6824843.2727272725,NULL,NULL,1.8157851380414578,871.1520171001233,13968275,110,1385,NULL,NULL,0.3490017336979671,452.0,5445760.0,2684.373689727463,1.428384245279476
296,3,230452925672863.0,13415,fixed_gear,36317291.333333336,NULL,NULL,3.6794017777324526,8108.231696428571,1559093,36,698,NULL,NULL,0.5044203785446466,949.0,170571.5,5121.719308035714,1.5636171172796722
297,2,231154271004480.0,57297,trawlers,73341173.5,NULL,NULL,2.512115694205482,2560.1247403787415,4368464,49,2501,NULL,NULL,0.5444712833660966,898.0,946266.0,2538.6162744395833,1.5939254923600168
298,1,236614363512057.0,18357,unknown,140973883.0,NULL,NULL,1.2417347040527407,7679.989267814339,6811451,120,2125,NULL,NULL,0.4091222045231135,893.0,1589144.0,2599.531300296112,2.021862503131041
299,47,236926760580696.0,49346,unknown,2743651.3191489363,NULL,NULL,1.2661369925228612,2615.6012251272796,6811451,120,2125,NULL,NULL,0.4091222045231135,893.0,1589144.0,2599.531300296112,2.021862503131041
300,74,240226012373593.0,543800,trawlers,2086380.7837837837,NULL,NULL,0.4825752043184088,284.04948374381337,4368464,49,2501,NULL,NULL,0.5444712833660966,898.0,946266.0,2538.6162744395833,1.5939254923600168
301,1,240306622847094.0,236763,drifting_longlines,154652847.0,NULL,NULL,0.8303415512815565,653.199613958321,13968275,110,1385,NULL,NULL,0.3490017336979671,452.0,5445760.0,2684.373689727463,1.428384245279476
302,2,241996059280485.0,27519,unknown,18253763.0,NULL,NULL,1.4274004327483139,1326.7262419595158,6811451,120,2125,NULL,NULL,0.4091222045231135,893.0,1589144.0,2599.531300296112,2.021862503131041
303,7,243542814991816.0,66301,unknown,20057640.0,NULL,NULL,1.2031796355187918,2117.755052790347,6811451,120,2125,NULL,NULL,0.4091222045231135,893.0,1589144.0,2599.531300296112,2.021862503131041
304,1,243672000801887.0,115117,unknown,106586763.0,NULL,NULL,0.22704756788584524,925.9074585635359,6811451,120,2125,NULL,NULL,0.4091222045231135,893.0,1589144.0,2599.531300296112,2.021862503131041
305,47,245558512447234.0,72864,fixed_gear,2799440.1063829786,NULL,NULL,0.2515252976938877,1804.9953246682023,1559093,36,698,NULL,NULL,0.5044203785446466,949.0,170571.5,5121.719308035714,1.5636171172796722
306,2,246929977513855.0,4706,unknown,44617406.0,NULL,NULL,7.109563520794682,19011.49047820567,6811451,120,2125,NULL,NULL,0.4091222045231135,893.0,1589144.0,2599.531300296112,2.021862503131041
307,32,247284478571320.0,3853,unknown,421009.0,NULL,NULL,1.3992392493144912,1848.2757871878393,6811451,120,2125,NULL,NULL,0.4091222045231135,893.0,1589144.0,2599.531300296112,2.021862503131041
308,1,247304559749794.0,11626,unknown,21349382.0,NULL,NULL,1.05217021956461,1836.5059784946236,6811451,120,2125,NULL,NULL,0.4091222045231135,893.0,1589144.0,2599.531300296112,2.021862503131041
309,3,249436063983467.0,40029,drifting_longlines,43514640.0,NULL,NULL,2.8154751275099223,3275.146721229664,13968275,110,1385,NULL,NULL,0.3490017336979671,452.0,5445760.0,2684.373689727463,1.428384245279476
310,2,250845635365871.0,116285,drifting_longlines,57834427.5,NULL,NULL,0.7623905640427076,994.7185315136348,13968275,110,1385,NULL,NULL,0.3490017336979671,452.0,5445760.0,2684.373689727463,1.428384245279476
311,13,251022003811177.0,171531,drifting_longlines,9770680.692307692,NULL,NULL,0.864074089510322,755.393452269973,13968275,110,1385,NULL,NULL,0.3490017336979671,452.0,5445760.0,2684.373689727463,1.428384245279476
312,2,252472589824946.0,32678,unknown,69492677.0,NULL,NULL,3.204565338216897,4253.438425755907,6811451,120,2125,NULL,NULL,0.4091222045231135,893.0,1589144.0,2599.531300296112,2.021862503131041
313,4,252626663422393.0,106278,drifting_longlines,38511199.75,NULL,NULL,0.8757966046422935,1447.6484975607016,13968275,110,1385,NULL,NULL,0.3490017336979671,452.0,5445760.0,2684.373689727463,1.428384245279476
314,46,253383408980179.0,115156,trawlers,2716461.782608696,NULL,NULL,0.992834601294786,1102.2089054680182,4368464,49,2501,NULL,NULL,0.5444712833660966,898.0,946266.0,2538.6162744395833,1.5939254923600168
315,1,253857904988474.0,71939,drifting_longlines,124245718.0,NULL,NULL,0.9267643629635672,1727.1222163529706,13968275,110,1385,NULL,NULL,0.3490017336979671,452.0,5445760.0,2684.373689727463,1.428384245279476
316,15,255320322989778.0,88927,drifting_longlines,10230528.533333333,NULL,NULL,2.6600985586357395,1689.7565862830406,13968275,110,1385,NULL,NULL,0.3490017336979671,452.0,5445760.0,2684.373689727463,1.428384245279476
317,67,257110405481434.0,84356,drifting_longlines,1610988.5970149254,NULL,NULL,1.5444660996436035,1264.4077493532625,13968275,110,1385,NULL,NULL,0.3490017336979671,452.0,5445760.0,2684.373689727463,1.428384245279476
318,1,257268756979349.0,52446,drifting_longlines,132740721.0,NULL,NULL,2.1152435055906142,2531.0462579845553,13968275,110,1385,NULL,NULL,0.3490017336979671,452.0,5445760.0,2684.373689727463,1.428384245279476
319,47,258237566084521.0,73060,drifting_longlines,2885602.5531914895,NULL,NULL,2.605539563868799,1785.4559726630428,13968275,110,1385,NULL,NULL,0.3490017336979671,452.0,5445760.0,2684.373689727463,1.428384245279476
320,1,259600076146315.0,1896,unknown,11046454.0,NULL,NULL,0.7580473253135872,5829.2633245382585,6811451,120,2125,NULL,NULL,0.4091222045231135,893.0,1589144.0,2599.531300296112,2.021862503131041
321,1,260142468095943.0,2760,unknown,17751386.0,NULL,NULL,1.676596462196912,6433.992750996738,6811451,120,2125,NULL,NULL,0.4091222045231135,893.0,1589144.0,2599.531300296112,2.021862503131041
322,3,260351244058145.0,27719,unknown,50113500.666666664,NULL,NULL,1.2114543171573722,5424.321763602252,6811451,120,2125,NULL,NULL,0.4091222045231135,893.0,1589144.0,2599.531300296112,2.021862503131041
323,3,260992596962571.0,70814,drifting_longlines,30687896.333333332,NULL,NULL,0.6097468635174146,1299.340125502362,13968275,110,1385,NULL,NULL,0.3490017336979671,452.0,5445760.0,2684.373689727463,1.428384245279476
324,207,261683006747890.0,96024,fixed_gear,570558.7294685991,NULL,NULL,1.729331074357641,1349.185406488673,1559093,36,698,NULL,NULL,0.5044203785446466,949.0,170571.5,5121.719308035714,1.5636171172796722
325,152,262281579374724.0,11236,unknown,267055.7894736842,NULL,NULL,4.0249586640276105,3882.492214596709,6811451,120,2125,NULL,NULL,0.4091222045231135,893.0,1589144.0,2599.531300296112,2.021862503131041
326,2,262522671777909.0,83696,fixed_gear,67064482.5,NULL,NULL,0.194252695873168,1602.6114775252706,1559093,36,698,NULL,NULL,0.5044203785446466,949.0,170571.5,5121.719308035714,1.5636171172796722
327,55,262534508730959.0,93610,drifting_longlines,2645304.309090909,NULL,NULL,2.463226251700598,1524.6445541134087,13968275,110,1385,NULL,NULL,0.3490017336979671,452.0,5445760.0,2684.373689727463,1.428384245279476
328,1,263392518194890.0,105247,drifting_longlines,113066639.0,NULL,NULL,1.6069525607951027,1074.3081827337855,13968275,110,1385,NULL,NULL,0.3490017336979671,452.0,5445760.0,2684.373689727463,1.428384245279476
329,5,263775330274147.0,56875,unknown,30851008.6,NULL,NULL,1.5643549643083503,2708.594139322688,6811451,120,2125,NULL,NULL,0.4091222045231135,893.0,1589144.0,2599.531300296112,2.021862503131041
330,3,266462074800686.0,26835,drifting_longlines,41631043.0,NULL,NULL,4.929553861026079,4654.633609123434,13968275,110,1385,NULL,NULL,0.3490017336979671,452.0,5445760.0,2684.373689727463,1.428384245279476
331,3,267445959186766.0,8838,unknown,37220578.666666664,NULL,NULL,4.081848219546261,12602.660047388017,6811451,120,2125,NULL,NULL,0.4091222045231135,893.0,1589144.0,2599.531300296112,2.021862503131041
332,38,267609942203034.0,55579,trawlers,3002480.947368421,NULL,NULL,1.112616542652167,2181.3888685637935,4368464,49,2501,NULL,NULL,0.5444712833660966,898.0,946266.0,2538.6162744395833,1.5939254923600168
333,35,267966743027591.0,21789,purse_seines,3042137.1714285715,NULL,NULL,1.8049849241598233,4906.541243975213,1545306,28,360,NULL,NULL,0.5231519142948668,937.0,8352896.5,3209.08,2.5530147838089783
334,1,268433469365583.0,139185,trawlers,113309448.0,NULL,NULL,0.10923034556372047,814.0982296815725,4368464,49,2501,NULL,NULL,0.5444712833660966,898.0,946266.0,2538.6162744395833,1.5939254923600168
335,4,269050323939773.0,154461,trawlers,38432651.75,NULL,NULL,1.1483875756634945,995.2051605556526,4368464,49,2501,NULL,NULL,0.5444712833660966,898.0,946266.0,2538.6162744395833,1.5939254923600168
336,15,269119641458109.0,153466,trawlers,9293140.2,NULL,NULL,2.4332419595111445,908.4092941115136,4368464,49,2501,NULL,NULL,0.5444712833660966,898.0,946266.0,2538.6162744395833,1.5939254923600168
337,1,269896480384592.0,10760,unknown,109586019.0,NULL,NULL,1.8855254943410729,10185.52086625151,6811451,120,2125,NULL,NULL,0.4091222045231135,893.0,1589144.0,2599.531300296112,2.021862503131041
338,7,271347251834362.0,254533,drifting_longlines,21749152.714285713,NULL,NULL,8.238247574520244,604.4021897095403,13968275,110,1385,NULL,NULL,0.3490017336979671,452.0,5445760.0,2684.373689727463,1.428384245279476
339,1,271648488454992.0,7413,fixed_gear,42241741.0,NULL,NULL,1.0463146210817333,5699.101592012952,1559093,36,698,NULL,NULL,0.5044203785446466,949.0,170571.5,5121.719308035714,1.5636171172796722
340,5,273352002611600.0,143123,fixed_gear,30880276.4,NULL,NULL,0.09278890443936767,1078.8397126846378,1559093,36,698,NULL,NULL,0.5044203785446466,949.0,170571.5,5121.719308035714,1.5636171172796722
341,3,274063840293718.0,26339,trollers,38927905.0,NULL,NULL,0.4404098502932919,4434.375569562576,166243,5,15,NULL,NULL,0.005466653231905762,1079.0,51516022.5,2686.3968936468937,2.405517945123536
342,6,274677012401415.0,154361,unknown,25774007.833333332,NULL,NULL,1.378132583502529,1001.8726118363512,6811451,120,2125,NULL,NULL,0.4091222045231135,893.0,1589144.0,2599.531300296112,2.021862503131041
343,24,274683790319798.0,87572,trawlers,5632992.125,NULL,NULL,0.7090511438499268,1543.781378459852,4368464,49,2501,NULL,NULL,0.5444712833660966,898.0,946266.0,2538.6162744395833,1.5939254923600168
344,7,274850145767759.0,199374,trawlers,21848355.0,NULL,NULL,0.7072115064887015,771.1682492818385,4368464,49,2501,NULL,NULL,0.5444712833660966,898.0,946266.0,2538.6162744395833,1.5939254923600168
345,2,275759324256961.0,24335,unknown,29814239.0,NULL,NULL,1.4533392890918784,2449.6186642569623,6811451,120,2125,NULL,NULL,0.4091222045231135,893.0,1589144.0,2599.531300296112,2.021862503131041
346,26,276111009888318.0,105625,unknown,5624308.692307692,NULL,NULL,0.3869517635524194,1384.78608698946,6811451,120,2125,NULL,NULL,0.4091222045231135,893.0,1589144.0,2599.531300296112,2.021862503131041
347,12,276728860705161.0,101889,unknown,6439312.416666667,NULL,NULL,42.670717063882165,759.222951302045,6811451,120,2125,NULL,NULL,0.4091222045231135,893.0,1589144.0,2599.531300296112,2.021862503131041
348,1,277458320934593.0,11273,drifting_longlines,109692381.0,NULL,NULL,5.261130211083006,9731.40356635912,13968275,110,1385,NULL,NULL,0.3490017336979671,452.0,5445760.0,2684.373689727463,1.428384245279476
349,1,277515277585463.0,35126,trawlers,141132598.0,NULL,NULL,1.2948400417880441,4018.00990747331,4368464,49,2501,NULL,NULL,0.5444712833660966,898.0,946266.0,2538.6162744395833,1.5939254923600168
350,5,278798244192815.0,105541,drifting_longlines,26574367.4,NULL,NULL,1.5087127580509816,1263.1502823359988,13968275,110,1385,NULL,NULL,0.3490017336979671,452.0,5445760.0,2684.373689727463,1.428384245279476
351,1,280291299563683.0,52865,fixed_gear,145459779.0,NULL,NULL,2.3083439517134203,2751.5848025121068,1559093,36,698,NULL,NULL,0.5044203785446466,949.0,170571.5,5121.719308035714,1.5636171172796722
352,13,281060477973977.0,18081,drifting_longlines,11751868.846153846,NULL,NULL,2.390936829103488,8458.853854241603,13968275,110,1385,NULL,NULL,0.3490017336979671,452.0,5445760.0,2684.373689727463,1.428384245279476
353,18,281205828320417.0,134389,drifting_longlines,8211273.888888889,NULL,NULL,1.4050018511930618,1081.1051432551458,13968275,110,1385,NULL,NULL,0.3490017336979671,452.0,5445760.0,2684.373689727463,1.428384245279476
